Product_type,SKU,Price,Availability,Number_of_products_sold,Revenue_generated,Customer_demographics,Stock_levels,Lead_times,Order_quantities,Shipping_times,Shipping_carriers,Shipping_costs,Supplier_name,Location,Lead_time,Production_volumes,Manufacturing_lead_time,Manufacturing_costs,Inspection_results,Defect_rates,Transportation_modes,Routes,Costs,Profit,Total_Cost,Profit_Margin,Delay_Status,Inventory_Ratio,Inventory_Status,Demand_Level,Supplier_Risk_Score,Transport_Efficiency,Month_Number,Date
haircare,SKU0,69.80800554211577,55,802,8661.996792392383,Non-binary,58,7,96,4,Carrier B,2.956572139430807,Supplier 3,Mumbai,29,215,29,46.27987924050832,Pending,0.2264103608499251,Road,Route B,187.75207545920392,8612.760341012445,49.236451379939126,0.9943158081721779,0,0.6041666666666666,Understock,High Demand,29.226410360849925,0.7391430348577017,1,2021-01-31
skincare,SKU1,14.84352327508434,95,736,7460.900065445849,Female,53,30,37,2,Carrier A,9.71657477143131,Supplier 3,Mumbai,23,517,30,33.61676895373,Pending,4.854068026388706,Road,Route B,503.0655791496692,7417.566721720687,43.33334372516131,0.9941919415425688,0,1.4324324324324325,Normal,High Demand,27.854068026388706,4.858287385715655,2,2021-02-28
haircare,SKU2,11.319683293090566,34,8,9577.74962586873,Unknown,1,10,88,2,Carrier B,8.054479261732155,Supplier 1,Mumbai,12,971,27,30.688019348284204,Pending,4.580592619199229,Air,Route C,141.92028177151906,9539.007127258712,38.742498610016355,0.9959549476522775,0,0.011363636363636364,Understock,Low Demand,16.58059261919923,4.027239630866077,3,2021-03-31
skincare,SKU3,61.163343016437736,68,83,7766.836425685233,Non-binary,23,13,59,6,Carrier C,1.7295685635434288,Supplier 5,Kolkata,24,937,18,35.62474139712503,Fail,4.74664862064775,Rail,Route A,254.77615921928663,7729.482115724564,37.35430996066846,0.9951905373161798,0,0.3898305084745763,Understock,Low Demand,28.74664862064775,0.28826142725723813,4,2021-04-30
skincare,SKU4,4.805496036345893,26,871,2686.505151567447,Non-binary,5,3,56,8,Carrier A,3.890547915870672,Supplier 1,Delhi,5,414,3,92.06516059871284,Fail,3.145579522833002,Air,Route A,923.4406317119222,2590.5494430528634,95.9557085145835,0.9642823284896372,1,0.08928571428571429,Understock,High Demand,8.145579522833001,0.486318489483834,5,2021-05-31
haircare,SKU5,1.6999760138659377,87,147,2828.348745975759,Non-binary,90,27,66,3,Carrier B,4.444098864382293,Supplier 4,Bangalore,10,104,17,56.7664755574318,Fail,2.7791935115711617,Road,Route A,235.4612367355375,2767.1381715539446,61.21057442181409,0.9783581941551918,0,1.3636363636363635,Normal,Low Demand,12.779193511571162,1.481366288127431,6,2021-06-30
skincare,SKU6,4.078332863107945,48,65,7823.476559531737,Male,11,15,58,8,Carrier C,3.880763302952003,Supplier 3,Kolkata,14,314,24,1.0850685695870688,Pending,1.0009106193041355,Sea,Route A,134.36909686103172,7818.510727659198,4.965831872539072,0.9993652653222961,1,0.1896551724137931,Understock,Low Demand,15.000910619304136,0.4850954128690004,7,2021-07-31
cosmetics,SKU7,42.95838438246007,59,426,8496.103813089838,Female,93,17,11,1,Carrier B,2.3483387844177805,Supplier 4,Bangalore,22,564,1,99.46610860359912,Fail,0.3981771868506506,Road,Route C,802.0563118175586,8394.289365701821,101.8144473880169,0.9880163367082271,0,8.454545454545455,Overstock,Medium Demand,22.39817718685065,2.3483387844177805,8,2021-08-31
cosmetics,SKU8,68.71759674852733,78,150,7517.363210631127,Female,5,10,15,7,Carrier C,3.4047338570830266,Supplier 4,Mumbai,13,769,8,11.423027139565695,Pending,2.709862691109961,Sea,Route B,505.55713422546415,7502.535449634479,14.827760996648722,0.9980275316515665,1,0.3333333333333333,Understock,Low Demand,15.709862691109961,0.48639055101186096,9,2021-09-30
skincare,SKU9,64.01573294127854,35,980,4971.145987585558,Unknown,14,27,83,1,Carrier A,7.166645291048216,Supplier 2,Chennai,29,963,23,47.95760163495158,Pending,3.844614478767585,Rail,Route B,995.9294614986416,4916.0217406595575,55.1242469259998,0.9889111591042262,0,0.1686746987951807,Understock,High Demand,32.84461447876758,7.166645291048216,10,2021-10-31
skincare,SKU10,15.707795681912138,11,996,2330.965802091949,Non-binary,51,13,80,2,Carrier C,8.673211211278613,Supplier 5,Kolkata,18,830,5,96.52735278531092,Pass,1.7273139283559424,Road,Route B,806.103177702923,2225.7652380953596,105.20056399658954,0.9548682507902191,0,0.6375,Understock,High Demand,19.727313928355944,4.336605605639306,11,2021-11-30
skincare,SKU11,90.63545998228868,95,960,6099.944115581452,Female,46,23,60,1,Carrier A,4.523943124316663,Supplier 2,Kolkata,28,362,11,27.592363086663696,Pending,0.0211698213729943,Air,Route A,126.72303340940724,6067.827809370472,32.116306210980355,0.9947349835338748,0,0.7666666666666667,Understock,High Demand,28.021169821372993,4.523943124316663,12,2021-12-31
haircare,SKU12,71.21338907536008,41,336,2873.7414460214413,Unknown,100,30,85,4,Carrier A,1.325274010184522,Supplier 4,Kolkata,3,563,3,32.32128621342403,Fail,2.161253747555912,Road,Route B,402.9687890737706,2840.094885797833,33.64656022360855,0.9882917232271572,0,1.1764705882352942,Normal,Medium Demand,5.161253747555913,0.3313185025461305,1,2022-01-31
skincare,SKU13,16.160393317379977,5,249,4052.738416237866,Male,80,8,48,9,Carrier A,9.537283061108338,Supplier 5,Bangalore,23,173,10,97.82905011017328,Pending,1.6310742300715386,Road,Route B,547.2410051609685,3945.3720830665848,107.36633317128162,0.9735077070996976,1,1.6666666666666667,Normal,Medium Demand,24.63107423007154,1.0596981179009264,2,2022-02-28
skincare,SKU14,99.1713286386242,26,562,8653.570926469802,Non-binary,54,29,78,5,Carrier B,2.039770189449332,Supplier 1,Kolkata,25,558,14,5.791436629862989,Pending,0.1006828515650937,Air,Route B,929.2352899608896,8645.73971965049,7.831206819312321,0.9990950317636668,0,0.6923076923076923,Understock,Medium Demand,25.100682851565093,0.4079540378898664,3,2022-03-31
skincare,SKU15,36.98924492862691,94,469,5442.086785397673,Non-binary,9,8,69,7,Carrier B,2.4220397232752044,Supplier 1,Bangalore,14,580,7,97.12128175147431,Pass,2.264405761198549,Sea,Route B,127.8618000016254,5342.543463922924,99.54332147474952,0.981708611898317,1,0.13043478260869565,Understock,Medium Demand,16.26440576119855,0.3460056747536006,4,2022-04-30
skincare,SKU16,7.547172109791272,74,280,6453.797968176285,Female,2,5,78,1,Carrier B,4.191324585705502,Supplier 1,Bangalore,3,399,21,77.10634249785001,Pass,1.012563089258049,Air,Route A,865.5257797712403,6372.500301092729,81.29766708355551,0.9874031279744988,0,0.02564102564102564,Understock,Medium Demand,4.012563089258049,4.191324585705502,5,2022-05-31
cosmetics,SKU17,81.46253436923702,82,126,2629.396434845262,Female,45,17,85,9,Carrier C,3.585418958232342,Supplier 1,Chennai,7,453,16,47.679680368355335,Fail,0.1020207549181761,Air,Route C,670.9343907924103,2578.131335518674,51.26509932658767,0.980503092402799,1,0.5294117647058824,Understock,Low Demand,7.102020754918176,0.398379884248038,6,2022-06-30
haircare,SKU18,36.443627770460935,23,620,9364.673505076173,Unknown,10,10,46,8,Carrier C,4.339224714110709,Supplier 2,Kolkata,18,374,17,27.10798085484392,Pending,2.231939110729264,Sea,Route A,593.4802587206518,9333.226299507218,31.44720556895463,0.996641932518853,1,0.21739130434782608,Understock,Medium Demand,20.231939110729265,0.5424030892638386,7,2022-07-31
skincare,SKU19,51.12387008796474,100,187,2553.495584991215,Unknown,48,11,94,3,Carrier A,4.742635882841877,Supplier 4,Chennai,20,694,16,82.37332058799021,Fail,3.646450865417029,Road,Route C,477.3076310909034,2466.3796285203825,87.11595647083209,0.965883647113832,0,0.5106382978723404,Understock,Low Demand,23.64645086541703,1.580878627613959,8,2022-08-31
skincare,SKU20,96.34107243996338,22,320,8128.027696851192,Unknown,27,12,68,6,Carrier A,8.87833465092684,Supplier 1,Chennai,29,309,6,65.68625960848863,Pass,4.231416573534539,Air,Route B,493.87121531620585,8053.463102591776,74.56459425941547,0.9908262376753093,0,0.39705882352941174,Understock,Medium Demand,33.23141657353454,1.47972244182114,9,2022-09-30
cosmetics,SKU21,84.89386898495083,60,601,7087.052696357437,Unknown,69,25,7,6,Carrier B,6.037883769218298,Supplier 5,Chennai,19,791,4,61.73572895416093,Pending,0.0186075676310149,Air,Route C,523.360914720158,7019.279083634057,67.77361272337923,0.9904369819687932,0,9.857142857142858,Overstock,Medium Demand,19.018607567631015,1.006313961536383,10,2022-10-31
haircare,SKU22,27.67978088650196,55,884,2390.8078665561734,Unknown,71,1,63,10,Carrier A,9.56764892092304,Supplier 4,Kolkata,22,780,28,50.12083961297735,Fail,2.591275473211116,Rail,Route C,205.57199582694707,2331.119378022273,59.68848853390039,0.9750341759499569,1,1.126984126984127,Normal,High Demand,24.591275473211116,0.956764892092304,11,2022-11-30
cosmetics,SKU23,4.324341185864164,30,391,8858.367571011484,Unknown,84,5,29,7,Carrier A,2.924857601145554,Supplier 5,Kolkata,11,568,29,98.60995724270389,Pending,1.342291562722734,Rail,Route A,196.32944611241268,8756.832756167634,101.53481484384943,0.9885379767739468,1,2.896551724137931,Overstock,Medium Demand,12.342291562722734,0.4178368001636506,12,2022-12-31
haircare,SKU24,4.156308359311108,32,209,9049.077860939897,Male,4,26,2,8,Carrier C,9.741291689284369,Supplier 2,Bangalore,28,447,3,40.382359702924816,Pending,3.691310292628728,Air,Route A,758.7247726029383,8998.954209547688,50.12365139220918,0.9944609105853133,1,2.0,Normal,Low Demand,31.691310292628728,1.217661461160546,1,2023-01-31
haircare,SKU25,39.62934398509263,73,142,2174.777054350654,Male,82,11,52,3,Carrier C,2.231073681281728,Supplier 4,Kolkata,19,934,23,78.28038311841539,Pending,3.797231217114183,Road,Route B,458.535945739209,2094.2655975509565,80.51145679969711,0.9629794435072626,0,1.5769230769230769,Normal,Low Demand,22.797231217114184,0.7436912270939092,2,2023-02-28
haircare,SKU26,97.44694661789282,9,353,3716.493325894037,Male,59,16,48,4,Carrier B,6.507548621078551,Supplier 2,Bangalore,26,171,4,15.97222975718176,Pass,2.119319736724923,Rail,Route A,617.8669164583772,3694.0135475157767,22.47977837826031,0.9939513470341421,0,1.2291666666666667,Normal,Medium Demand,28.119319736724922,1.6268871552696378,3,2023-03-31
cosmetics,SKU27,92.55736081240202,42,352,2686.457223575984,Unknown,47,9,62,8,Carrier C,7.406750952998074,Supplier 5,Mumbai,25,291,4,10.528245070042162,Fail,2.864667837883373,Sea,Route B,762.4591821556837,2668.5222275529436,17.934996023040235,0.9933239227240824,1,0.7580645161290323,Understock,Medium Demand,27.864667837883374,0.9258438691247592,4,2023-04-30
cosmetics,SKU28,2.397274705597141,12,394,6117.324615083992,Female,48,15,24,4,Carrier B,9.898140508069222,Supplier 1,Mumbai,13,171,7,59.42938181069157,Fail,0.815757079295672,Air,Route A,123.43702751182708,6047.997092765231,69.32752231876078,0.9886670192149335,0,2.0,Normal,Medium Demand,13.815757079295672,2.4745351270173055,5,2023-05-31
cosmetics,SKU29,63.44755918520733,3,253,8318.903194617178,Female,45,5,67,7,Carrier B,8.100973145397031,Supplier 1,Kolkata,16,329,7,39.29287558606575,Pass,3.878098936588488,Road,Route B,764.9353759407081,8271.509345885714,47.39384873146278,0.9943028729121248,1,0.6716417910447762,Understock,Medium Demand,19.878098936588486,1.1572818779138616,6,2023-06-30
haircare,SKU30,8.022859210526393,10,327,2766.342366866089,Male,60,26,35,7,Carrier B,8.954528315318015,Supplier 4,Kolkata,27,806,30,51.63489340010933,Pending,0.9653947053523932,Road,Route C,880.080988247161,2705.7529451506616,60.58942171542734,0.9780976416942682,1,1.7142857142857142,Normal,Medium Demand,27.965394705352395,1.2792183307597165,7,2023-07-31
skincare,SKU31,50.8473930517187,28,168,9655.135102719398,Male,6,17,44,4,Carrier B,2.6796609649814065,Supplier 3,Chennai,24,461,8,60.25114566159808,Pending,2.9890000066550746,Rail,Route C,609.3792066184267,9592.20429609282,62.93080662657949,0.9934821412691726,0,0.13636363636363635,Understock,Low Demand,26.989000006655075,0.6699152412453516,8,2023-08-31
skincare,SKU32,79.20993601565672,43,781,9571.55048732782,Unknown,89,13,64,4,Carrier C,6.599104901238584,Supplier 3,Kolkata,30,737,7,29.69246715374977,Pass,1.946036119386113,Road,Route A,761.1739095148776,9535.258915272832,36.29157205498836,0.9962083915136805,0,1.390625,Normal,High Demand,31.946036119386115,1.649776225309646,9,2023-09-30
cosmetics,SKU33,64.7954350001556,63,616,5149.9983504080365,Non-binary,4,17,95,9,Carrier C,4.85827050343664,Supplier 5,Chennai,1,251,23,23.853427512896133,Fail,3.541046012250923,Sea,Route A,371.255295519871,5121.286652391704,28.71169801633277,0.9944249112207856,1,0.042105263157894736,Understock,Medium Demand,4.5410460122509235,0.5398078337151823,10,2023-10-31
skincare,SKU34,37.46759232984246,96,602,9061.710895507724,Unknown,1,26,21,7,Carrier A,1.019487570822119,Supplier 1,Chennai,4,452,10,10.754272815029331,Pass,0.6466045593720549,Road,Route B,510.3580004335235,9049.937135121872,11.77376038585145,0.9987007133066133,1,0.047619047619047616,Understock,Medium Demand,4.646604559372054,0.145641081546017,11,2023-11-30
cosmetics,SKU35,84.95778681635043,11,449,6541.329344802465,Female,42,27,85,8,Carrier C,5.288189990327409,Supplier 1,Delhi,3,367,2,58.004787044743765,Pass,0.5411540980605811,Sea,Route C,553.4204712303558,6478.036367767394,63.292977035071175,0.9903241415163783,1,0.49411764705882355,Understock,Medium Demand,3.541154098060581,0.6610237487909262,12,2023-12-31
skincare,SKU36,9.813002578754052,34,963,7573.402457848733,Female,18,23,28,3,Carrier B,2.107951267159081,Supplier 2,Delhi,26,671,19,45.531364237162144,Fail,3.8055333792433537,Air,Route C,403.8089742481805,7525.763142344412,47.639315504321225,0.99370965483883,0,0.6428571428571429,Understock,High Demand,29.805533379243354,0.7026504223863603,1,2024-01-31
skincare,SKU37,23.39984475261435,5,963,2438.339930470029,Female,25,8,21,9,Carrier A,1.5326552735904306,Supplier 3,Kolkata,24,867,15,34.34327746507538,Pending,2.610288084848113,Sea,Route A,183.9329680435944,2402.4639977313627,35.87593273866581,0.9852867386165676,1,1.1904761904761905,Normal,High Demand,26.610288084848115,0.17029503039893673,2,2024-02-29
cosmetics,SKU38,52.0759306827078,75,705,9692.318040218432,Non-binary,69,1,88,5,Carrier B,9.235931437249228,Supplier 5,Mumbai,10,841,12,5.930693645528318,Pending,0.6133268991645074,Air,Route B,339.6728699486061,9677.151415135653,15.166625082777546,0.9984351911462414,0,0.7840909090909091,Understock,High Demand,10.613326899164507,1.8471862874498455,3,2024-03-31
skincare,SKU39,19.127477265823256,26,176,1912.4656631007608,Female,78,29,34,3,Carrier A,5.562503778830384,Supplier 2,Kolkata,30,791,6,9.005807428781642,Fail,1.451972203996816,Air,Route B,653.6729945520332,1897.8973518931487,14.568311207612027,0.9923824456100342,0,2.2941176470588234,Overstock,Low Demand,31.451972203996817,1.8541679262767945,4,2024-04-30
skincare,SKU40,80.54142417094033,97,933,5724.959350456265,Female,90,20,39,8,Carrier C,7.229595139736474,Supplier 1,Kolkata,18,793,1,88.17940710421746,Pending,4.213269430586566,Road,Route A,529.8087239806919,5629.550348212311,95.40900224395394,0.9833345537665084,1,2.3076923076923075,Overstock,High Demand,22.213269430586564,0.9036993924670592,5,2024-05-31
skincare,SKU41,99.11329161531717,35,556,5521.205259010972,Female,64,19,38,8,Carrier B,5.773263743766654,Supplier 4,Chennai,18,892,7,95.3320645487725,Fail,0.0453022623982596,Sea,Route A,275.5243711313098,5420.099930718433,101.10532829253914,0.9816878156943126,1,1.6842105263157894,Normal,Medium Demand,18.04530226239826,0.7216579679708317,6,2024-06-30
skincare,SKU42,46.52916761451677,98,155,1839.609425856764,Female,22,27,57,4,Carrier C,7.526248326851508,Supplier 5,Bangalore,26,179,7,96.42282063957188,Fail,4.939255288620948,Road,Route A,635.6571205019919,1735.6603568903404,103.9490689664234,0.9434939463206918,0,0.38596491228070173,Understock,Low Demand,30.93925528862095,1.881562081712877,7,2024-07-31
haircare,SKU43,11.74327177630924,6,598,5737.425599119023,Unknown,36,29,85,9,Carrier B,3.6940212683884543,Supplier 5,Mumbai,1,206,23,26.27736595733241,Pending,0.3723047679850977,Air,Route A,716.0441197593407,5707.454211893302,29.971387225720864,0.99477616106598,1,0.4235294117647059,Understock,Medium Demand,1.3723047679850977,0.41044680759871716,8,2024-08-31
cosmetics,SKU44,51.35579091311039,34,919,7152.2860494355145,Female,13,19,72,6,Carrier C,7.577449657376693,Supplier 2,Delhi,7,834,18,22.554106620887744,Fail,2.962626320454882,Rail,Route A,610.4532696192277,7122.15449315725,30.131556278264437,0.9957871432895721,0,0.18055555555555555,Understock,High Demand,9.962626320454882,1.2629082762294488,9,2024-09-30
haircare,SKU45,33.78413803306551,1,24,5267.956807510521,Male,93,7,52,6,Carrier B,5.21515500871191,Supplier 2,Chennai,25,794,25,66.31254443999165,Pass,3.219604612084106,Rail,Route A,495.305697028474,5196.429108061817,71.52769944870356,0.9864221173289183,0,1.7884615384615385,Normal,Low Demand,28.219604612084105,0.8691925014519849,10,2024-10-31
haircare,SKU46,27.0822071998889,75,859,2556.767360633596,Non-binary,92,29,6,8,Carrier B,4.070955837084083,Supplier 3,Chennai,18,870,23,77.32235321105162,Pending,3.6486105925362033,Road,Route B,380.4359371119643,2475.3740515854606,81.3933090481357,0.9681655396962024,1,15.333333333333334,Overstock,High Demand,21.648610592536205,0.5088694796355103,11,2024-11-30
skincare,SKU47,95.71213588093607,93,910,7089.474249934186,Male,4,15,51,9,Carrier B,8.97875075594997,Supplier 1,Kolkata,10,964,20,19.712992911293647,Pending,0.3805735867132137,Rail,Route A,581.6023550505868,7060.782506266943,28.691743667243617,0.9959529095309839,1,0.0784313725490196,Understock,High Demand,10.380573586713213,0.9976389728833301,12,2024-12-31
haircare,SKU48,76.03554442689172,28,29,7397.07100458718,Non-binary,30,16,9,3,Carrier C,7.0958331565551385,Supplier 2,Mumbai,9,109,18,23.126363582464776,Fail,1.6981125407144038,Rail,Route B,768.65191395437,7366.8488078481605,30.222196739019914,0.9959143021987652,0,3.3333333333333335,Overstock,Low Demand,10.698112540714403,2.3652777188517127,1,2025-01-31
cosmetics,SKU49,78.89791320564004,19,99,8001.613206519002,Unknown,97,24,9,6,Carrier C,2.5056210329009154,Supplier 5,Delhi,28,177,28,14.147815443979216,Pass,2.825813985400132,Rail,Route A,336.8901685199779,7984.959770042122,16.65343647688013,0.9979187401281391,0,10.777777777777779,Overstock,Low Demand,30.82581398540013,0.4176035054834859,2,2025-02-28
cosmetics,SKU50,14.203484264803022,91,633,5910.885389668899,Female,31,23,82,10,Carrier A,6.247860914975991,Supplier 2,Delhi,20,306,21,45.17875792463452,Fail,4.754800804671185,Rail,Route B,496.24865029194046,5859.458770829288,51.42661883961051,0.9912996758608288,1,0.3780487804878049,Understock,High Demand,24.754800804671184,0.6247860914975991,3,2025-03-31
haircare,SKU51,26.70076097246173,61,154,9866.465457979695,Male,100,4,52,1,Carrier A,4.783000557947665,Supplier 5,Bangalore,18,673,28,14.19032834456998,Pending,1.7729511720835571,Road,Route A,694.9823175794459,9847.492129077178,18.973328902517647,0.9980769882605557,0,1.9230769230769231,Normal,Low Demand,19.77295117208356,4.783000557947665,4,2025-04-30
skincare,SKU52,98.03182965646508,1,820,9435.76260891213,Male,64,11,11,1,Carrier B,8.631052179768947,Supplier 1,Mumbai,10,727,27,9.166849148597151,Pending,2.1224716191438247,Air,Route C,602.8984988383834,9417.964707583762,17.7979013283661,0.9981137824184388,0,5.818181818181818,Overstock,High Demand,12.122471619143825,8.631052179768947,5,2025-05-31
skincare,SKU53,30.34147071121421,93,242,8232.334829425821,Male,96,25,54,3,Carrier B,1.0134865660958965,Supplier 1,Delhi,1,631,17,83.34405899167797,Pending,1.4103475760760271,Air,Route B,750.7378406682709,8147.977283868047,84.35754555777386,0.9897529015393974,0,1.7777777777777777,Normal,Low Demand,2.410347576076027,0.33782885536529883,6,2025-06-30
haircare,SKU54,31.146243160240854,11,622,6088.021479940859,Non-binary,33,22,61,3,Carrier B,4.305103471287636,Supplier 1,Kolkata,26,497,29,30.186023375822508,Pass,2.478771975539748,Road,Route B,814.0699965821875,6053.530353093748,34.491126847110145,0.9943345917945996,0,0.5409836065573771,Understock,High Demand,28.478771975539747,1.435034490429212,7,2025-07-31
haircare,SKU55,79.85505834078943,16,701,2925.6751703038126,Male,97,11,11,5,Carrier A,5.014364955030907,Supplier 2,Delhi,27,918,5,30.3235452566165,Fail,4.548919659396385,Sea,Route B,323.01292795247883,2890.3372600921653,35.33791021164741,0.9879214512361679,0,8.818181818181818,Overstock,High Demand,31.548919659396386,1.0028729910061815,8,2025-08-31
skincare,SKU56,20.986386037043378,90,93,4767.020484344137,Non-binary,25,23,83,5,Carrier C,1.7744297140717396,Supplier 1,Mumbai,24,826,28,12.836284572832753,Pass,1.173755495387454,Air,Route B,832.2108087060217,4752.409770057233,14.610714286904493,0.9969350426886378,0,0.30120481927710846,Understock,Low Demand,25.173755495387454,0.35488594281434793,9,2025-09-30
haircare,SKU57,49.26320535073416,65,227,1605.8669003924058,Unknown,5,18,51,1,Carrier B,9.16055853538187,Supplier 2,Delhi,21,588,25,67.77962298707814,Pending,2.511174830212707,Rail,Route A,482.1912386025281,1528.926718869946,76.94018152246001,0.9520880706217564,0,0.09803921568627451,Understock,Low Demand,23.511174830212706,9.16055853538187,10,2025-10-31
skincare,SKU58,59.84156137728931,81,896,2021.149810337108,Non-binary,10,5,44,7,Carrier A,4.93843856471209,Supplier 3,Delhi,18,396,7,65.04741509469146,Fail,1.7303747198591968,Road,Route B,110.36433523136472,1951.1639566777046,69.98585365940355,0.9653732477912014,1,0.22727272727272727,Understock,High Demand,19.730374719859196,0.7054912235302986,11,2025-11-30
cosmetics,SKU59,63.828398347710966,30,484,1061.618523013288,Non-binary,100,16,26,7,Carrier B,7.293722596867728,Supplier 1,Kolkata,11,176,4,1.900762243519458,Fail,0.4471940154638232,Air,Route A,312.5742736100933,1052.4240381729007,9.194484840387187,0.9913391819744349,1,3.8461538461538463,Overstock,Medium Demand,11.447194015463824,1.041960370981104,12,2025-12-31
skincare,SKU60,17.028027920188702,16,380,8864.084349586436,Female,41,27,72,8,Carrier C,4.3813681581023145,Supplier 4,Mumbai,29,929,24,87.21305781513568,Fail,2.853090616649054,Rail,Route A,430.1690969751365,8772.489923613197,91.594425973238,0.9896667921512375,1,0.5694444444444444,Understock,Medium Demand,31.853090616649055,0.5476710197627893,1,2026-01-31
haircare,SKU61,52.02874990329492,23,117,6885.589350896253,Unknown,32,23,36,7,Carrier C,9.030340422521949,Supplier 4,Kolkata,14,480,12,78.7023939688789,Fail,4.367470538205053,Air,Route A,164.36652824341942,6797.856616504851,87.73273439140084,0.9872585003373776,1,0.8888888888888888,Normal,Low Demand,18.367470538205055,1.2900486317888498,2,2026-02-28
cosmetics,SKU62,72.79635395558736,89,270,3899.746833729224,Unknown,86,2,40,7,Carrier C,7.291701388776776,Supplier 2,Mumbai,13,751,14,21.048642725168644,Pass,1.8740014040443749,Sea,Route C,320.8465157591116,3871.4064896152786,28.34034411394542,0.9927327733511244,1,2.15,Overstock,Medium Demand,14.874001404044375,1.0416716269681108,3,2026-03-31
skincare,SKU63,13.017376785287857,55,246,4256.949140850225,Non-binary,54,19,10,4,Carrier A,2.45793352798733,Supplier 3,Bangalore,18,736,10,20.075003975630484,Pending,3.6328432903821337,Sea,Route A,687.2861778664173,4234.416203346607,22.532937503617813,0.9947067872417387,0,5.4,Overstock,Low Demand,21.632843290382134,0.6144833819968325,4,2026-04-30
skincare,SKU64,89.63409560813533,11,134,8458.730878367178,Female,73,27,75,6,Carrier C,4.585353468194652,Supplier 1,Delhi,17,328,6,8.693042425877287,Fail,0.1594863147175146,Air,Route C,771.2250846811575,8445.452482473105,13.27839589407194,0.9984302141674667,0,0.9733333333333334,Normal,Low Demand,17.159486314717515,0.7642255780324421,5,2026-05-31
skincare,SKU65,33.69771720664313,72,457,8354.579686481995,Male,57,24,54,8,Carrier C,6.580541347884595,Supplier 5,Kolkata,16,358,21,1.5972227430506774,Fail,4.911095954842331,Rail,Route C,555.8591036717435,8346.40192239106,8.177764090935273,0.99902116391275,1,1.0555555555555556,Normal,Medium Demand,20.91109595484233,0.8225676684855744,6,2026-06-30
skincare,SKU66,26.03486977396209,52,704,8367.721618020154,Female,13,17,19,8,Carrier A,2.2161427287713638,Supplier 5,Kolkata,24,867,28,42.08443673830996,Fail,3.4480632883402618,Road,Route A,393.8433485784279,8323.421038553071,44.30057946708133,0.9947057775713188,1,0.6842105263157895,Understock,High Demand,27.44806328834026,0.27701784109642047,7,2026-07-31
skincare,SKU67,87.75543235400107,16,513,9473.798032508335,Unknown,12,9,71,9,Carrier C,9.147811544710631,Supplier 1,Mumbai,10,198,11,7.057876146978231,Pass,0.1319554443118148,Sea,Route C,169.2718013847869,9457.592344816647,16.205687691688862,0.9982894201843779,1,0.16901408450704225,Understock,Medium Demand,10.131955444311815,1.0164235049678478,8,2026-08-31
haircare,SKU68,37.93181238279032,29,163,3550.218432780992,Non-binary,0,8,58,8,Carrier B,1.1942518648849991,Supplier 2,Bangalore,2,375,18,97.1135815634622,Fail,1.98346787217418,Rail,Route A,299.7063031181032,3451.910599352645,98.30783342834721,0.9723093563706897,1,0.0,Understock,Low Demand,3.98346787217418,0.1492814831106249,9,2026-09-30
skincare,SKU69,54.86552851706979,62,511,1752.3810874841247,Non-binary,95,1,27,3,Carrier B,9.705286790120349,Supplier 4,Kolkata,9,862,7,77.62776581274817,Pending,1.3623879886491086,Air,Route A,207.6632062085756,1665.0480348812562,87.33305260286852,0.9501632075199741,0,3.5185185185185186,Overstock,Medium Demand,10.36238798864911,3.235095596706783,10,2026-10-31
haircare,SKU70,47.914541824058766,90,32,7014.887987203389,Female,10,12,22,4,Carrier B,6.315717754600723,Supplier 1,Bangalore,22,775,16,11.440781823761265,Pass,1.8305755986122316,Road,Route C,183.272898748711,6997.131487625026,17.75649957836199,0.9974687408251203,0,0.45454545454545453,Understock,Low Demand,23.83057559861223,1.5789294386501806,11,2026-11-30
cosmetics,SKU71,6.381533162747966,14,637,8180.337085425443,Female,76,2,26,6,Carrier A,9.228190317052515,Supplier 2,Bangalore,2,258,10,30.66167747785956,Pending,2.078750607874969,Road,Route A,405.1670678888559,8140.447217630531,39.88986779491208,0.9951236889900317,0,2.923076923076923,Overstock,High Demand,4.078750607874969,1.5380317195087525,12,2026-12-31
cosmetics,SKU72,90.20442752052809,88,478,2633.121981312256,Non-binary,57,29,77,9,Carrier A,6.599614159689544,Supplier 1,Bangalore,21,152,11,55.76049289524421,Pending,3.213329607438309,Rail,Route B,677.9445698461833,2570.7618742573222,62.360107054933756,0.9763170458879175,1,0.7402597402597403,Understock,Medium Demand,24.213329607438308,0.7332904621877271,1,2027-01-31
cosmetics,SKU73,83.8510176813046,41,375,7910.886916140686,Male,17,25,66,5,Carrier B,1.5129368369160772,Supplier 4,Chennai,13,444,4,46.87023879761716,Fail,4.620546064513706,Road,Route A,866.4728001296578,7862.503740506152,48.38317563453324,0.9938839758237705,0,0.25757575757575757,Understock,Medium Demand,17.620546064513707,0.30258736738321546,2,2027-02-28
haircare,SKU74,3.170011413566155,64,904,5709.945295969287,Female,41,6,1,5,Carrier A,5.237654650037448,Supplier 4,Delhi,1,919,9,80.58085215644782,Fail,0.3966127241099354,Rail,Route A,341.55265678322337,5624.126789162802,85.81850680648526,0.9849703451857822,0,41.0,Overstock,High Demand,1.3966127241099353,1.0475309300074895,3,2027-03-31
skincare,SKU75,92.99688423397066,29,106,1889.073589779335,Non-binary,16,20,56,10,Carrier C,2.473897761045461,Supplier 1,Chennai,25,759,11,48.06478264000659,Pass,2.030069088668752,Air,Route C,873.1296480176514,1838.534909378283,50.538680401052055,0.9732468440221244,1,0.2857142857142857,Understock,Low Demand,27.030069088668753,0.2473897761045461,4,2027-04-30
haircare,SKU76,69.10879954743032,23,241,5328.375984297758,Male,38,1,22,10,Carrier A,7.054538336836926,Supplier 2,Bangalore,25,985,24,64.32359779560022,Pending,2.1800374515822165,Rail,Route A,997.4134501331946,5256.997848165321,71.37813613243715,0.9866041479912863,1,1.7272727272727273,Normal,Low Demand,27.180037451582216,0.7054538336836926,5,2027-05-31
haircare,SKU77,57.44974295897148,14,359,2483.7601775427947,Unknown,96,28,57,4,Carrier B,6.780946625617895,Supplier 1,Kolkata,26,334,5,42.95244474899184,Pass,3.055141818307548,Road,Route B,852.56809891985,2434.026786168185,49.73339137460973,0.9799765726883457,0,1.6842105263157894,Normal,Medium Demand,29.055141818307547,1.6952366564044739,6,2027-06-30
haircare,SKU78,6.306883176111915,50,946,1292.4584179377562,Unknown,5,4,51,5,Carrier B,8.46704977086199,Supplier 5,Mumbai,25,858,21,71.12651472040338,Pending,4.096881332470452,Sea,Route C,323.59220343132216,1212.864853446491,79.59356449126537,0.9384169243771382,0,0.09803921568627451,Understock,High Demand,29.096881332470453,1.6934099541723981,7,2027-07-31
haircare,SKU79,57.05703122110322,56,198,7888.723268427081,Non-binary,31,25,20,1,Carrier B,6.4963253642950445,Supplier 3,Bangalore,5,228,12,57.87090292403628,Pending,0.1658716274806082,Air,Route C,351.50421933503867,7824.356040138749,64.36722828833132,0.9918406025793872,0,1.55,Normal,Low Demand,5.165871627480608,6.4963253642950445,8,2027-08-31
skincare,SKU80,91.12831835044432,75,872,8651.672682982065,Unknown,39,14,41,2,Carrier C,2.8331846794189746,Supplier 3,Chennai,8,202,5,76.96122802382001,Fail,2.8496621985053308,Sea,Route B,787.7798504943445,8571.878270278827,79.79441270323899,0.9907769958911882,0,0.9512195121951219,Normal,High Demand,10.849662198505332,1.4165923397094873,9,2027-09-30
haircare,SKU81,72.81920693031822,9,774,4384.413400045863,Unknown,48,6,8,5,Carrier B,4.066277501512044,Supplier 3,Delhi,28,698,1,19.789592941903603,Pending,2.547547121548712,Rail,Route B,276.77833594679885,4360.557529602448,23.855870443415647,0.9945589367911416,0,6.0,Overstock,High Demand,30.54754712154871,0.8132555003024088,10,2027-10-31
skincare,SKU82,17.034930739467917,13,336,2943.3818676094515,Unknown,42,19,72,1,Carrier A,4.70818187354193,Supplier 2,Mumbai,6,955,26,4.46527843494324,Pending,4.137877048622357,Road,Route C,589.9785556280407,2934.2084073009664,9.17346030848517,0.9968833604604843,0,0.5833333333333334,Understock,Medium Demand,10.137877048622357,4.70818187354193,11,2027-11-30
haircare,SKU83,68.91124621160633,82,663,2411.754632110491,Unknown,65,24,7,8,Carrier B,4.949839577996949,Supplier 1,Bangalore,20,443,5,97.73059380053304,Fail,0.7730061340672478,Road,Route A,682.9710182260933,2309.074198731961,102.68043337853,0.9574250083273704,1,9.285714285714286,Overstock,High Demand,20.77300613406725,0.6187299472496186,12,2027-12-31
haircare,SKU84,89.10436729210225,99,618,2048.2900998487103,Unknown,73,26,80,10,Carrier A,8.381615624922631,Supplier 5,Chennai,24,589,22,33.808636513209095,Pass,4.843456577118041,Air,Route B,465.457005963688,2006.0998477105784,42.190252138131726,0.9794022086318495,1,0.9125,Normal,Medium Demand,28.84345657711804,0.8381615624922631,1,2028-01-31
cosmetics,SKU85,76.96299441519388,83,25,8684.613059253858,Female,15,18,66,2,Carrier C,8.249168704871728,Supplier 5,Chennai,4,211,2,69.9293455186723,Fail,1.3744289997457582,Road,Route B,842.6868300046415,8606.434545030314,78.17851422354403,0.9909980428960803,0,0.22727272727272727,Understock,Low Demand,5.374428999745758,4.124584352435864,2,2028-02-29
skincare,SKU86,19.99817694040422,18,223,1229.5910285649834,Unknown,32,14,22,6,Carrier B,1.4543053101535517,Supplier 1,Mumbai,4,569,18,74.60896999519468,Pass,2.0515129307662465,Rail,Route A,264.2548898358665,1153.5277532596351,76.06327530534824,0.9381393702960574,0,1.4545454545454546,Normal,Low Demand,6.051512930766247,0.2423842183589253,3,2028-03-31
haircare,SKU87,80.41403665035574,24,79,5133.846701086692,Male,5,7,55,10,Carrier A,6.575803797548535,Supplier 3,Chennai,27,523,17,28.69699682414317,Fail,3.693737787839276,Sea,Route B,879.3592177349243,5098.573900465,35.27280062169171,0.9931293623134043,1,0.09090909090909091,Understock,Low Demand,30.693737787839275,0.6575803797548535,4,2028-04-30
cosmetics,SKU88,75.27040697572501,58,737,9444.74203306298,Male,60,18,85,7,Carrier A,3.8012531329310777,Supplier 2,Mumbai,21,953,11,68.18491905704117,Pending,0.722204401882931,Sea,Route A,103.91624796070496,9372.755860873007,71.98617218997225,0.9923781748683054,1,0.7058823529411765,Understock,High Demand,21.72220440188293,0.5430361618472969,5,2028-05-31
cosmetics,SKU89,97.76008558193868,10,134,5924.682566853231,Unknown,90,1,27,8,Carrier B,9.92981624527726,Supplier 1,Kolkata,23,370,11,46.60387338164447,Pending,1.9076657339590744,Rail,Route B,517.4999739290605,5868.148877226309,56.53368962692173,0.9904579377900834,1,3.3333333333333335,Overstock,Low Demand,24.907665733959075,1.2412270306596576,6,2028-06-30
skincare,SKU90,13.881913501359142,56,320,9592.633570280312,Non-binary,66,18,96,7,Carrier B,7.674430708112694,Supplier 3,Bangalore,8,585,8,85.67596333579797,Pass,1.2193822244013883,Rail,Route B,990.0784725058112,9499.2831762364,93.35039404391067,0.990268533311527,1,0.6875,Understock,Medium Demand,9.219382224401388,1.096347244016099,7,2028-07-31
cosmetics,SKU91,62.11196546396179,90,916,1935.206793507599,Male,98,22,85,7,Carrier B,7.471514084401146,Supplier 4,Delhi,5,207,28,39.772882502339975,Pending,0.6260018582093946,Rail,Route B,996.7783149506238,1887.9623969208578,47.24439658674112,0.9755869001983453,1,1.1529411764705881,Normal,High Demand,5.626001858209395,1.0673591549144494,8,2028-08-31
cosmetics,SKU92,47.71423307582023,44,276,2100.1297546259366,Male,90,25,10,8,Carrier B,4.469500026123601,Supplier 2,Mumbai,4,671,29,62.61269039561434,Pass,0.3334318252247392,Rail,Route B,230.0927825367629,2033.0475642041986,67.08219042173793,0.9680580734242841,1,9.0,Overstock,Medium Demand,4.333431825224739,0.5586875032654501,9,2028-09-30
haircare,SKU93,69.29083100290549,88,114,4531.4021336919095,Unknown,63,17,66,1,Carrier C,7.0064320590043945,Supplier 4,Chennai,21,824,20,35.63365234334388,Fail,4.165781795424145,Air,Route A,823.5238458881558,4488.762049289561,42.64008440234828,0.9905900904081519,0,0.9545454545454546,Normal,Low Demand,25.165781795424145,7.0064320590043945,10,2028-10-31
cosmetics,SKU94,3.037688724631414,97,987,7888.356546661873,Unknown,77,26,72,9,Carrier B,6.942945942032581,Supplier 2,Delhi,12,908,14,60.38737861486212,Pass,1.4636074984727798,Rail,Route B,846.6652569866948,7821.026222104978,67.33032455689471,0.9914645941573993,1,1.0694444444444444,Normal,High Demand,13.46360749847278,0.7714384380036201,11,2028-11-30
haircare,SKU95,77.90392721944775,65,672,7386.363944048664,Unknown,15,14,26,9,Carrier B,8.630338869602754,Supplier 4,Mumbai,18,450,26,58.89068576858998,Pending,1.2108821295850665,Air,Route A,778.8642413766479,7318.842919410472,67.52102463819274,0.9908586924297719,1,0.5769230769230769,Understock,High Demand,19.210882129585066,0.9589265410669727,12,2028-12-31
cosmetics,SKU96,24.42313142037338,29,324,7698.424765632117,Non-binary,67,2,32,3,Carrier C,5.352878043996809,Supplier 3,Mumbai,28,648,28,17.80375633139127,Pending,3.872047681482133,Road,Route A,188.74214114905695,7675.268131256729,23.15663437538808,0.9969920295280711,0,2.09375,Overstock,Medium Demand,31.872047681482133,1.7842926813322697,1,2029-01-31
haircare,SKU97,3.526111259143416,56,62,4370.916579984536,Male,46,19,4,9,Carrier A,7.904845611209675,Supplier 4,Mumbai,10,535,13,65.76515592636746,Fail,3.376237834717981,Road,Route A,540.1324228679678,4297.246578446959,73.67000153757714,0.9831454112222298,1,11.5,Overstock,Low Demand,13.376237834717982,0.8783161790232972,2,2029-02-28
skincare,SKU98,19.7546048668786,43,913,8525.952559683526,Female,53,1,27,7,Carrier B,1.409801095138073,Supplier 5,Chennai,28,581,9,5.604690864371781,Pending,2.908122169351261,Rail,Route A,882.1988635470415,8518.938067724017,7.014491959509854,0.9991772776225991,1,1.962962962962963,Normal,High Demand,30.908122169351262,0.20140015644829615,3,2029-03-31
haircare,SKU99,68.51783269927664,17,627,9185.185829181704,Unknown,55,8,59,6,Carrier B,1.3110237561206226,Supplier 2,Chennai,29,921,2,38.07289852062604,Fail,0.3460272907055034,Rail,Route B,210.74300896424612,9145.801906904957,39.38392227674666,0.9957122345688834,0,0.9322033898305084,Normal,High Demand,29.346027290705504,0.2185039593534371,4,2029-04-30
